id,Title,Content,SKU,"Product Type","Parent Product ID","Товар UWCF Colors","Товар UWCF Sizes","Product Attributes"
550,"Продаж магазина на Салтовке","<strong><em>Магазин расположен на 602-м микрорайоне на первом этаже фасадного новостроя в новом жилом квартале по адресу г. Харьков, ул. Салтовское шоссе №264-В . В квартале семнадцать девятиэтажных домов. Все дома сданы в эксплуатацию и заселены!</em></strong>
<strong><em>Фасад магазина выходит на Салтовское шоссе. В магазине оборудованы два отдельных входа - один на салтовское шоссе, второй к подъездной дороге дома.</em></strong>
<strong><em>Расположение отличается очень плотной заселенностью, близостью к новому высоной застройке и к кругу городского транспорта.</em></strong>

<strong><em>Рядом расположены</em></strong>
<strong><em>остановки и круг гор.транспорта</em></strong>
<strong><em>рынок</em></strong>
<strong><em>продмаркет АТБ</em></strong>
<strong><em>множество аптек</em></strong>
<strong><em>медкомплекс</em></strong>
<strong><em>новая заселенная высотная застройка и огромный спальный район</em></strong>

<strong><em>Есть все коммуникации: отопление центральное (установлен индивидуальный счетчик тепла), установлены два кондиционера.</em></strong>
<strong><em>Сделан капитальный ремонт.</em></strong>
<strong><em>Установлен пандус</em></strong>",,simple,0,,,
573,"Аренда магазина в районе КЛАССа на Салтовке","<h4><em>Аренда капитального магазина, расположенного в центре спального района на пересечении основных аллей по адресу г. Харьков, ул. Амосова (Корчагинцев) №11-Б.</em>
<em>Помещение расположено в центре насыченого спального района - Салтовка.</em>
<em>Рядом расположены</em>
<em>супермаркет “КЛАСС”</em>
<em>кофейня</em>
<em>магазины ""Кисет"" и ""Посад""</em>
<em>остановки гор. транспорта</em>
<em>Укртелеком</em>
<em>Фрунзенский РОВД</em>
<em>несколько школ и детсадов</em>
<em>рынок</em></h4>
<h4><em>Состояние - сделан ремонт, пол - плитка, стены выровнены и окрашены, потолок системы армстронг, есть вода и канализация.</em>
<em>Мощность электроввода - 10 кВт.</em></h4>
<h4><em>Площадь - 25 кв. м.</em></h4>",,simple,0,,,
574,"Аренда на Научной","<h4><em>Аренда помещения, расположенного напротив Экономического университета (ИНЖЭК) (станция метро ""Научная"").</em>
<em>Рядом расположены</em>
<em>станция метро “Научная”</em>
<em>остановка гор. транспорта</em>
<em>McDonald’s</em>
<em>детский магазин “Антошка”</em>
<em>Экономический Университет</em>
<em>Университет радиоэлектроники</em>
<em>Сделан ремонт, есть санузел, отопление электрическое.</em></h4>",,simple,0,,,
575,"Аренда в центре Харькова на пл. Павловской","<h4><em>Помещение расположено на первом этаже по адресу г. Харьков, пл. Павловская, 5</em>
<em>Рядом с магазином расположены</em>
<em>- ГорБТИ</em>
<em>- McDonald’s</em>
<em>- Центральный универмаг, ТЦ “Павловский”, ТРЦ “Палладиум”</em>
<em>- Ресторан “Панорама”</em>
<em>- Ряд магазинов «ассорти» и монобрендовых бутиков</em>
<em>Площадь - 148,1 кв. м.</em>
<em>1-й этаж - 75 кв. м.</em>
<em>подвал - 73,1 кв. м.</em></h4>",,simple,0,,,
576,"Аренда под склад/производство на Салтовке","<h3><em>Помещение расположено на цокольном этаже нежилого дома по адресу ул. Самсоновская, 54.</em>
<em>На всех этажах расположены производственные предприятия. Есть два асфальтированных подъезда.</em>
<em>Рядом с помещением расположена одно-двух этажная застройка.</em>
<em>Электрическая мощность - 40 кВт, есть второй выход.</em></h3>",,simple,0,,,
577,"Продажа помещения на Московском проспекте в районе метро ""Армейская""","<h3><em>Продажа двух смежных 2-х комнатных квартир в жилом фонде, расположенных по ул. Харьковских Дивизий возле Звезды</em>
<em>Квартиры без ремонта, в одной демонтированы все перегородки. Сейчас квартиры находятся в жилом фонде.</em>
<em>Рядом расположены</em>
<em>станции метро ""Армейская"" и ""Дворец спорта""</em>
<em>супермаркет ""Сельпо""</em>
<em>мебельный центр ""Шанс""</em>
<em>остановки гор. транспорта</em>
<em>спальный микрорайон</em>
<em>школы и детские сады</em></h3>",,simple,0,,,
580,"Продажа земельного участка с бетонным покрытием в г. Первомайский","<h3><em>Продажа земельного участка, расположенного в городе Первомайский Харьковской области. К участку ведет асфальтированная дорога, коммуникации проходят рядом с участком.</em>
<em>Треть земельного участка покрыта бетонной стяжкой с подсыпкой. В 500-та метрах расположена ж/д ветка с козловым краном.</em>
<em>Площадь - 2 Га.</em></h3>",,simple,0,,,
592,"Аренда на Холодной Горе возле Терминала","<h4><em>Аренда помещения, расположенного по адресу г. Харьков, ул. Полтавский шлях №123.</em>
<em>Помещение расположено на очень проходной аллее. Рядом перекресток с плотным автомобильным трафиком, пригородная автостанция и остановки общественного транспорта.</em>
<em>В непосредственной близости расположены</em>
<em>станция метро ""Холодная гора""</em>
<em>рынок Терминал</em>
<em>остановки гор.транспорта</em>
<em>автостанция</em>
<em>торгово-экономический колледж</em>
<em>остановки гор.транспорта</em></h4>",,simple,0,,,
602,"Аренда помещения на Роганском жилмассиве","<h4><em>Помещение расположено на первом этаже нежилого здания.</em>
<em>В непосредственной близости к помещению расположены:</em>
<em>рынок</em>
<em>остановки общественного транспорта</em>
<em>отделение ""Укрпошты""</em>
<em>абонентский отдел теплосбыта Роганского промузла (теплосети)</em>
<em>отделение банка “Приват банк”</em>
<em>супермаркет “Класс”</em>
<em>облагороженный сквер - место прогулок местного населения.</em>
<em>В помещении сделан ремонт.</em></h4>",,simple,0,,,
620,"Аренда в Дергачах","Аренда здания по адресу г. Дергачи, ул. Покровского (Сумской шлях), 163.
Здание расположено в самом проходном месте напротив рынка
Рядом расположены
рынок
жд вокзал",,simple,0,,,
636,"Продажа земельного участка вблизи метро 23-го Августа","<h4><em>Предлагается к продаже редкий вариант хорошего участка для постройки собственного дома, который расположен по адресу г. Харьков, ул. Кузнецкая, 28. Участок расположен в самом чистом и престижном административном районе города.</em>
<em>Преимущества участка:</em>
<em>- участок ровный, правильной прямоугольной формы;</em>
<em>- все необходимые коммуникации уже заведены на участок: свет, вода, газ, канализация;</em>
<em>- широкая асфальтированная улица;</em>
<em>- шаговая доступность метро 23-го Августа, 10 минут;</em>
<em>- удобный заезд с ул. Клочковской;</em>
<em>- приличные соседи;</em>
<em>- удачное расположение участка - практически в центре города, но вдали от шумных улиц.</em></h4>
<h4><em>Общая площадь участка - 9, 58 соток</em>
<em>Длинна участка - 40 м</em>
<em>Ширина участка - 25 м</em>
<em>Кадастровый номер - 6310136300:09:023:0029</em></h4>
<h4><em>Вложите выгодно деньги и постройте дом своей мечты!</em></h4>",,simple,0,,,
643,"Продажа 3-х ком. квартиры в новострое ЖК Искринский","<h4><em>Продается 3-х комнатная квартира, которая расположена в центральном районе города, вблизи станции метро Защитников Украины, в новостройке ЖК Искринский, по адресу ул. Искринская, 17.</em>
<em>Характеристика квартиры:</em>
<em>- материал наружных стен дома - кирпич, материал перекрытий - железобетон;</em>
<em>- планировка квартиры: кухня-студия и две раздельные спальни;</em>
<em>- квартира с капитальным ремонтом;</em>
<em>- в квартире два санузла, площадью 4,8 кв.м. и 2 кв.м.;</em>
<em>- в квартире два балкона: на кухне и в спальне;</em>
<em>-квартира расположена на 9-м этаже 9-ти этажного дома, есть чердак;</em>
<em>-в шаговой доступности находится станция метро Защитников Украины.</em></h4>
<h4><em>Общая площадь квартиры - 84,6 кв.м.</em>
<em>Жилая площадь - 55,4 кв.м.</em>
<em>Площадь кухни - 10 кв.м.</em>
<em>Высота потолков - 3 м</em>
<em>Станьте владельцем уютной, большой, семейной квартиры.</em></h4>",,simple,0,,,
655,"Продажа цокольного помещения в новострое возле метро Студенческая","<h4><em>Продажа помещения в цокольном этаже 16-ти этажного новостроя по адресу ул. Академика Павлова, 142б.</em></h4>
<em>Характеристика объекта:</em>
<em>- помещение оборудовано несколькими входами;</em>
<em>- в помещении частично выполнен ремонт;</em>
<em>- хороший, широкий асфальтированный подъезд к дому;</em>
<em>- вокруг дома круговое движение;</em>
<em>- электроввод 3-х фазный на 15 кВт;</em>
<em>- помещение находится в 7 минутах ходьбы от метро Студенческая;</em>
<em>- на данный момент помещение используется под интернет магазин и под швейное производство.\</em>",,simple,0,,,
663,"Продажа рентабельно помещения в центре города","<h4><em>Продажа помещения расположенного в центре города на 1-м этаже легендарного жилого дома ""Дом со шпилем"" по адресу пер. Армянский, 1/3, который является одной из достопримечательностью города, и входит в так называемые ""Семь чудес Харькова"".</em></h4>
<em>Характеристика помещения:</em>
<em>- помещение находится по красной линии и оборудовано отдельным входом;</em>
<em>- помещение включает в себя: торговый зал, кабинет директора, кабинет менеджера, столовую, подсобные помещения и санузел;</em>
<em>- магазин оборудован пожарной и тревожной сигнализацией;</em>
<em>- электроввод - два отдельных ввода, 3 фазный 15 кВт.;</em>
<em>- центральное отопление;</em>
<em>- помещение с хорошим ремонтом;</em>
<em>- помещение находится в центральном административном районе города и в 3 мин. ходьбы от станции метро Площадь Конституции;</em>
<em>- в настоящее время помещение сдано в аренду надежному и стабильному арендатору и с первых дней покупки будет приносить вам доход.</em>",,simple,0,,,
673,"Аренда возле метро ""Дворец спорта""","<h4><em>Аренда магазина, расположенного по адресу г. Харьков, пр. Московский №190/2 (возле станции метро ""Дворец спорта"").</em>
<em>Рядом расположены</em>
<em>станция метро “Дворец спорта”</em>
<em>остановки гор. транспорта</em>
<em>стоматология</em>
<em>супермаркет электротехники “Comfy”</em>
<em>отделение банка ""UniCredit Bank""</em></h4>",,simple,0,,,
686,"Продажа/обмен помещения на Отакара Яроша","<h4><em>Продажа помещения по адресу г. Харьков, ул. Отакара Яроша, 61.</em>
<em>В помещении сделан ремонт.</em>
<em>Рядом расположены</em>
<em>остановка гор.транспорта</em>
<em>станция метро ""23 августа""</em>
<em>продмаркеты ""АТБ"" и ""Авоська""</em>
<em>кинотеатр им. Довженко</em>
<em>Канатная дорога</em></h4>",,simple,0,,,
693,"Продажа здания под склад/производство","<h4><em>Продажа здания под склад/производство, расположенного по адресу г. Харьков, ул. Измайловская, 11-А.</em>
<em>Здание расположено в промышленной зоне, состоит из трех этажей. Есть своя огражденная территория, отдельный въезд.</em>
<em>В здание заведены вода, канализация, электричество (свой ТП - 120 кВт.), отопление автономное газовое.</em>
<em>Общая площодь - 1797,8 кв. м.</em>
<em>1-й этаж - 586,1 кв. м.</em>
<em>2-й этаж - 583,6 кв. м.</em>
<em>3-й этаж - 593,2 кв. м.</em>
<em>Участок - 29 соток- кадастровый номер.</em></h4>",,simple,0,,,
706,"Аренда офисного здания в центре Харькова","<h4><em>Бизнес центр состоит из трех этажей и подвала</em>
<em>Рядом с помещением расположены станция метро, остановки гор.транспорта, Горсовет и множество торговых и административных объектов</em>
<em>Рядом с помещением расположены</em>
<em>Станция метро “Площадь Конституции (Советская)”</em>
<em>Остановка гор.транспорта</em>
<em>Горсовет, Дворец труда, Детский мир</em>
<em>магазин ""Цитрус"", и множество других торговых и административных объектов</em></h4>
<h4><em>В бизнес центре сделан ремонт, установлена система автономного газового отопления, есть все коммуникации, мощность электроввода - 25 кВт (можно потреблять до 100 кВт)</em>
<em>Площадь - 833,7 кв. м.</em>
<em>1-й этаж - 207,9 кв. м.</em>
<em>2-й этаж - 225,7 кв. м.</em>
<em>мансарда - 231,7 кв. м.</em>
<em>подвал - 168,4 кв. м.</em></h4>",,simple,0,,,
728,"Аренда магазина метро ""Дворец Спорта""","<h4><em>Аренда магазина, расположенного в жилом доме возле метро Дворец Спорта (Маршала Жукова) по адресу г. Харьков, пр.Маршала Жукова (Перта Григоренка), 3</em></h4>
<h4><em>Рядом с магазином проходят очень плотные потоки пешеходов.</em>
<em>Рядом расположены</em>
<em>станция метро ""Дворец Спорта"" (“Маршала Жукова”)</em>
<em>аптека ""Здоровье"", ""Аптека Низкие Цены""</em>
<em>отделение банка ""Ощадбанк""</em>
<em>остановки гор. транспорта</em>
<em>стоматология</em>
<em>супермаркет электротехники “Comfy”, магазин ""АЛЛО""</em></h4>
<h4><em>В магазине сделан ремонт, есть все необходимые коммуникации</em></h4>",,simple,0,,,
736,"Аренда под танцы, мед. центр, фитнес, офис на Салтовке","<h4><em>Аренда помещения по адресу г. Харьков, ул. Родниковая №9-А (Северная Салтовка, район ТЦ ""Экватор"").</em></h4>
<em>Предлагаемое помещение располагается на первом и втором этаже элитного кирпичного новостроя в центре густонаселенного микрорайона Северной Салтовки.</em>
<em>Помещение расположено рядом с фитнес клубом ""Авокадо"" и школой раннего развития ""Теремок"", отличается плотным пешеходным потоком. В непосредственной близости к помещению находится место отдыха местного населения - Китлярчин Яр.</em>
<em>В помещении сделан свежий ремонт, есть санузел и душевая.</em>

<em>Около помещения проходят очень плотные потоки пешеходов к метро и в ТЦ “Экватор”.</em>
<em>Население района - 150 тыс. человек.</em>

<em>Общая площадь помещения - 216,5 кв. м.</em>
<em>1-й этаж - 64,2 кв.м.</em>
<em>2-й этаж - 152,3 кв.м.</em>",,simple,0,,,
766,"Продажа магазина на Одесской!!!","<h4><em>Продажа помещения, расположенного рядом с остановкой гор.транспорта по адресу г. Харьков, проспект Героев Сталинграда, 7 (район Одесской).</em>
<em>Магазин расположен на первом этаже жилого дома.</em>
<em>В непосредственной близости с объектом расположены:</em>
<em>остановка гор.транспорта</em>
<em>супермаркеты ""Дигма"", ""АТБ"", “Класс” и “Сельпо”, ""АТБ"", ТЦ ""SUNMALL""</em></h4>",,simple,0,,,
778,"Аренда возле метро ""Проспект Гагарина""","<h4><em>Помещение расположено на цокольном этаже жилого дома по адресу ул. Вернадского, 1. (метро Проспект Гагарина)</em>
<em>В помещении сделан ремонт, есть отдельная входная группа.</em>
<em>Рядом расположены</em>
<em>остановки гор. транспорта</em>
<em>ж/д вокзал ""Левада""</em>
<em>станция метро ""Проспект Гагарина""</em></h4>",,simple,0,,,
787,"Продажа магазина возле станции метро ""Дворец Спорта""","<h4><em>Продажа магазина, расположенного в жилом доме возле метро ""Дворец Спорта"" (Маршала Жукова) по адресу г. Харьков, пр.Маршала Жукова (Перта Григоренка), 3</em>
<em>Рядом с магазином проходят очень плотные потоки пешеходов.</em>
<em>Рядом расположены</em>
<em>станция метро ""Дворец Спорта"" (“Маршала Жукова”)</em>
<em>аптека ""Здоровье"", ""Аптека Низкие Цены""</em>
<em>отделение банка ""Ощадбанк""</em>
<em>остановки гор. транспорта</em>
<em>стоматология</em>
<em>супермаркет электротехники “Comfy”, магазин ""АЛЛО""</em></h4>",,simple,0,,,
790,"Продажа двухуровневой квартиры с паркингом возле Парка Горького","<h4><em>Квартира расположена на первом и цокольном этажах элитного клубного новостроя со своей огражденной территорией.</em>
<em>Цоколь идеально подходит под кинозал, спорт зал, игровые,гардеробные комнаты, кухню и.т.д.</em>
<em>В подъезде выполнен качественный ремонт с применением дорогих материалов, установлено видео наблюдение по всей территории.</em>
<em>В квартире автономное газовое отопление (установлен немецкий двухконтурный котел VIESSMANN)</em>
<em>Общая площадь квартиры - 298,1 кв. м. (жилая - 109,4 кв. м., кухня - 24,2 кв. м.)</em>
<em>Площадь 1-го этажа – 149,3 кв. м.</em>
<em>Площадь цокольного этажа – 148,8 кв. м.</em></h4>",,simple,0,,,
818,"Аренда второго этажа в Змиеве ТЦ Полет","<h4><em>Помещение расположено в одном из оживленных мест города Змиев, на втором этаже отдельно стоящего торгового центра.</em>
<em>Здание расположено на развилке насыщенных улиц Пролетарское шоссе и Тарановское шоссе, внутри жилого микрорайона с многоэтажными домами рядом с кругом общественного транспорта.</em>
<em>На первом этаже здания расположен продуктовый супермаркет «Полюшко».</em>
<em>Рядом со зданием находятся продовольственный рынок, больница, отделение банка «УкрСиб банк», кафе.</em></h4>",,simple,0,,,
831,"Продажа эксклюзивного офиса в центре","<h4><em>Продажа большого трехэтажного офиса с дорогим свежим ремонтом, расположенного в отреставрированном старинном особняке по адресу г. Харьков, ул. Москалевская (Октябрьской революции), 32. Продажа трехэтажного офиса центр Харькова.</em>
<em>Данный особняк имеет историческую ценность, был построен в 1871 году государственным крестьянином М.Т. Егоровым по проекту архитектора А.Д. Ракова, а в 1911 году новый владелец здания Г.Г. Шмидт осуществил большую перестройку здания и открыл в нем первый в городе Харькове кинотеатр ""Жовтень"", функционировавший до 1991 года, в 1916 году в этом же здании находилась фотография ""Рекорд"".</em></h4>
<h4><em>Расположение отличается близкой доступностью к центру города, на маршрутке до площади Конституции ехать пять минут.</em>
<em>В офисе сделан дизайнерский ремонт в стиле лофт с использованием дорогих материалов, установлена мебель, есть кабинет руководителя с видовой террасой, оборудованная кухня, два санузла (установлена сантехника Groe), оборудованная комната отдыха руководителя с отдельным санузлом и душевой, автономное отопление.</em>
<em>Все коммуникации заменены с использованием современных материалов.</em>
<em>Рядом с офисом расположены остановки гор. транспорта, продуктовый магазин, цирк, парк ""Стрелка"", подвесной мост.</em></h4>
<h4><em>Площадь - 341,8 кв. м.</em>
<em>1 эт. - 61,1 кв. м.</em>
<em>2 эт. - 121 кв. м.</em>
<em>мансарда - 116,1 кв .м.</em>
<em>гараж - 43,6 кв. м.</em></h4>",,simple,0,,,
854,"Аренда эксклюзивного офиса с дизайнерским ремонтом","<h4>Аренда эксклюзивного офиса центр</h4>
<h4><em>Аренда большого трехэтажного офиса с дорогим свежим ремонтом, расположенного в отреставрированном старинном особняке по адресу г. Харьков, ул. Москалевская (Октябрьской революции), 32.</em>
<em>Данный особняк имеет историческую ценность, был построен в 1871 году государственным крестьянином М.Т. Егоровым по проекту архитектора А.Д. Ракова, а в 1911 году новый владелец здания Г.Г. Шмидт осуществил большую перестройку здания и открыл в нем первый в городе Харькове кинотеатр ""Жовтень"", функционировавший до 1991 года, в 1916 году в этом же здании находилась фотография ""Рекорд"".</em></h4>
<h4><em>Расположение отличается близкой доступностью к центру города, на маршрутке до площади Конституции ехать пять минут.</em>
<em>В офисе сделан дизайнерский ремонт в стиле лофт с использованием дорогих материалов, установлена мебель, есть кабинет руководителя с видовой террасой, оборудованная кухня, два санузла (установлена сантехника Groe), оборудованная комната отдыха руководителя с отдельным санузлом и душевой, автономное отопление.</em>
<em>Все коммуникации заменены с использованием современных материалов.</em>
<em>Рядом с офисом расположены остановки гор. транспорта, продуктовый магазин, цирк, парк ""Стрелка"", подвесной мост.</em></h4>
<h4><em>Площадь - 341,8 кв. м.</em>
<em>1 эт. - 61,1 кв. м.</em>
<em>2 эт. - 121 кв. м.</em>
<em>мансарда - 116,1 кв .м.</em>
<em>гараж - 43,6 кв. м.</em></h4>",,simple,0,,,
871,"Аренда на Одесской!!!","<h4><em>Аренда помещения, расположенного рядом с остановкой гор.транспорта по адресу г. Харьков, проспект Героев Сталинграда, 7 (район Одесской).</em>
<em>Офис расположен на первом этаже жилого дома.</em>
<em>В непосредственной близости с объектом расположены:</em>
<em>остановка гор.транспорта</em>
<em>супермаркеты ""Дигма"", ""АТБ"", “Класс” и “Сельпо”, ""АТБ"", ТЦ ""SUNMALL""</em></h4>",,simple,0,,,
872,"Аренда на Ботаническом саду","<h4><em>Аренда помещения по адресу г. Харьков, ул. Отакара Яроша №35.</em>
<em>Объект расположен в элитном районе города - Павлово Поле.</em>
<em>Рядом с помещением расположены</em>
<em>станция метро “Ботанический сад”</em>
<em>остановки гор. транспорта</em>
<em>место отдыха жителей района - Саржин яр</em>
<em>ТЦ “Движение”</em>
<em>супермаркет “Лето”</em></h4>
<em>Состояние - капитальный ремонт, мощность электрического ввода - 50 кВт.</em>
<em>Есть парковка на 25 паркомест</em>
<p style=""text-align: center;"">[ipano id=""1""]</p>",,simple,0,,,
884,"Аренда на перекрестке улицы Валентиновской и проспекта Тракторостроителей","<h4><em>Помещение расположено на втором этаже нежилого здания на очень оживленном перекрестке ул. Блюхера и проспекта Тракторостроителей по адресу г. Харьков, ул. Блюхера №38-Б.</em>
<em>В помещении сделан ремонт, есть все необходимые для комфортной работы коммуникации.</em>
<em>В непосредственной близости к объекту находятся</em>
<em>супермаркет «Класс»продуктовый рынок</em>
<em>магазин «Посад»,</em>
<em>остановки общественного транспорта</em>
<em>аптеки «Здоров’я» и «9-11»</em>
<em>отделение банка «Credit Agricolе»</em>
<em>кафе.</em>
<em>рынок</em></h4>",,simple,0,,,
894,"Продажа дома на Салтовке по ул. Краснодарская в районе Сильпо","<h4><em>Дом расположен в самом большом спальном районе города Харькова.</em>
<em>Жилой фонд!</em>
<em>Рядом находятся:</em>
<em>остановка гор. транспорта</em>
<em>новый жилой комплекс</em>
<em>пруд - место отдыха населения района в теплое время года</em>
<em>вокруг помещения расположен большой спальный район - Салтовка.</em>
<em>Дом разделен на жилую и производственную часть. Везде сделан ремонт, есть все необходимые условия, отопление автономное.</em>
<em>Площадь - 1684,3 кв. м.</em>
<em>1-й этаж - 645,3 кв. м.</em>
<em>2-й этаж - 679,9 кв. м.</em>
<em>подвал - 359,1 кв. м.</em></h4>",,simple,0,,,
920,"Аренда возле станции метро ""Алексеевская""","<h4><em>Помещение расположено на первом этаже отдельно стоящего здания центра отдыха ""Гелиос"".</em>
<em>Есть необходимые коммуникации.</em>
<em>Рядом расположены</em>
<em>Станция метро «Алексеевская»</em>
<em>Остановки гор. транспорта</em>
<em>Супермаркет «Сельпо»</em>
<em>Студгородок</em>
<em>Большой спальный район – Алексеевка</em></h4>",,simple,0,,,
935,"Аренда офиса на Алексеевке","<h4><em>Помещение расположено на втором этаже отдельно стоящего здания центра отдыха ""Гелиос"".</em>
<em>Есть необходимые коммуникации.</em>
<em>Рядом расположены</em>
<em>Станция метро «Алексеевская»</em>
<em>Остановки гор. транспорта</em>
<em>Супермаркет «Сельпо»</em>
<em>Студгородок</em>
<em>Большой спальный район – Алексеевка</em></h4>",,simple,0,,,
946,"Аренда возле метро Студенческая","<h4><em>Аренда помещения, расположенного возле метро ""Студенческая"", по адресу ул. Академика Павлова, 305.</em>
<em>Помещение расположено на проходной аллее, ведущей к метро и рынку.</em>
<em>Рядом расположены</em>
<em>станция метро “Студенческая”</em>
<em>остановки гор. транспорта</em>
<em>рынок</em>
<em>продмаркет “Посад”</em>
<em>магазин “Простор”</em></h4>",,simple,0,,,
958,"Аренда на ул. Рождественской рядом с McDonald's","<h4><em>Аренда помещения на первом этаже торгового центра по адресу г. Харьков, ул. Рождественская, 24 рядом с McDonald's.</em>
<em>В помещении сделан ремонт, есть все необходимые коммуникации.</em>
<em>Улица Энгельса в этом месте отличается  очень оживленным пешеходным и автомобильным трафиком.</em>
<em>Рядом находиться станция метро  «Центральный рынок», «Исторический музей» и «Советская».</em>
<em>В непосредственной близости с помещением расположено Центральный рынок, McDonald's, автовокзал, остановки общественного транспорта, супермаркет «АТБ», управление метрополитена, управление МВД, отделение «УкрСиб банка», «Полтава Банка», «UniCredit Bank».</em>
<em>Площадь -  96,8 кв. м.</em></h4>",,simple,0,,,
993,"Аренда первого этажа в БЦ MILK возле метро Гагарина","<h4><em>Бизнес центр MILK расположен по ул. Молочной, 48 напротив ТЦ ""Таврия В"".</em>
<em>Рядом расположены</em>
<em>станции метро ""Проспект Гагарина"", ""Спортивная"", ""Метростроителей""</em>
<em>остановки гор. транспорта</em>
<em>жд станция Левада</em>
<em>автостанция №1</em>
<em>ТЦ ""Таврия В""</em>
<em>автосалон ""Бавари-моторс""</em></h4>",,simple,0,,,
995,"Аренда бизнес центра MILK возле метро Гагарина","<h4><em>Бизнес центр MILK расположен по ул. Молочной, 48 напротив ТЦ ""Таврия В"".</em>
<em>Бизнес центр состоит из трех этажей, каждый по 300 кв. м.</em>
<em>Рядом расположены</em>
<em>станции метро ""Проспект Гагарина"", ""Спортивная"", ""Метростроителей""</em>
<em>остановки гор. транспорта</em>
<em>жд станция Левада</em>
<em>автостанция №1</em>
<em>ТЦ ""Таврия В""</em>
<em>автосалон ""Бавари-моторс""</em></h4>",,simple,0,,,
996,"Аренда помещения рядом с метро Ботанический сад","<h4><em>Помещение расположено на первом этаже жилого дома.</em>
<em>В помещении сделан ремонт.</em>
<em>Рядом расположены</em>
<em>остановка гор.транспорта</em>
<em>станция метро ""23 августа""</em>
<em>продмаркеты ""АТБ"" и ""Авоська""</em>
<em>кинотеатр им. Довженко</em>
<em>Конатная дорога</em></h4>",,simple,0,,,
1012,"Продажа возле метро Гагарина","<h4><em>Помещение расположено на цокольном этаже жилого дома возле метро Проспект Гагарина</em>
<em>В помещении сделан ремонт, есть отдельная входная группа.</em>
<em>Рядом расположены</em>
<em>остановки гор. транспорта</em>
<em>станция метро ""Проспект Гагарина""</em>
<em>ж/д вокзал ""Левада""</em></h4>",,simple,0,,,
1017,"Аренда на Салтовке возле ТРК ""Украина""","<h4><em>Аренда помещения по дресу г. Харьков, пр. Юбилейный, 56.</em>
<em>Место отличается очень большой проходимостью и плотным автомобильным потоком.</em></h4>
<em>Рябом расположены</em>
<em>остановка гор. транспорта</em>
<em>ТРЦ Украина</em>
<em>кинотеатр ""Кинолэнд""</em>
<em>Охматдет</em>
<em>рынки Привоз и Новосалтовский</em>
<em>супермаркет ""Сильпо""</em>
<em>Якитория</em>",,simple,0,,,
1031,"Продажа здания возле метро Пушкинская","<h4><em>Здание расположено между станциями метро двух веток метрополитена - ""Пушкинская"" и ""Архитектора Бекетова"".</em>
<em>Район расположения отличается высокой деловой активностью и плотностью объектов торговли и питания.</em>
<em>Рядом со зданием расположены</em>
<em>станции метро ""Пушкинская"" и ""Архитектора Бекетова""</em>
<em>остановки гор.транспорта</em>
<em>несколько ВУЗов: Юридическая академия, Фармацевтическая академия, Политехнический университет, Сельскохозяйственный университет, Автодорожный университет</em>
<em>Отделения банков ""Ощадбанк"", ""Правэксбанк"", ""Банк Михайловский"", центральное отделение ""Мегабанка""</em>
<em>Несколько стоматкабинетов и аптек</em></h4>
<em>Техническое состояние</em>
<em>Выполнены фасадные работы по утеплению пенопластом 100 мм., утепление крыши, покраска фасада, установлены два газовых котла автономного отопления, сделана разводка отопления и установлены радиаторы. Здание подключено к коммуникациям, разрешенная электрическая мощность - 55 кВт. Установлена система охранной сигнализации.</em>

<em>Площадь - 944,6 кв. м.</em>
<em>1-й этаж - 182,3 кв. м.</em>
<em>2-й этаж - 183,3 кв. м.</em>
<em>3-й этаж - 190,8 кв. м.</em>
<em>4-й этаж - 190,7 кв. м.</em>
<em>мансарда - 197,5 кв. м.</em>",,simple,0,,,
1061,"Аренда на возле метро ""Индустриальная""","<h4><em>Аренда магазина расположенного на платформе нового автобусного терминала.</em></h4>
<h4><em>Рядом с помещением строится ""черный"" большой магазин АТБ.</em>
<em>Рядом расположены</em>
<em>  станция метро ""Пролетарская""</em>
<em>  остановки и круг общественного транспорта</em>
<em>  новый рынок ""Платформа""</em>
<em>  новый жилой комплекс</em></h4>
<h4><em>В помещении сделан ремонт,  есть вода и канализация, свой сан.узел.</em></h4>",,simple,0,,,
1070,"Аренда помещения Салтовка Харьков","<h4><em>Аренда помещения Салтовка Харьков. </em></h4>
<h4><em>Помещение расположено в одноэтажном нежилом здании.</em>
<em>Рядом расположены</em>
<em>остановки гор. транспорта</em>
<em>отделение банка “Приват банка”</em>
<em>продмаркет “Дигма”</em></h4>
<h4><em>Состояние - кап. ремонт.</em>
<em>Площадь - 340,8 кв. м.</em>
<em>1-й этаж - 263,6 кв. м.</em>
<em>подвал - 77,2 кв. м.</em></h4>",,simple,0,,,
1103,"Продажа магазина в центре Кривого Рога с хорошей рентабельностью","<h4><em>Продажа магазина по адресу г. Кривой Рог, пр. Гагарина, 14. Население города составляет 650 000 человек.</em></h4>
<em>Магазин расположен на первом этаже жилого дома непосредственно вблизи остановки гор. транспорта.</em>
<em>Расположение магазина отличается особенно плотным пешеходным и автомобильным трафиком. Магазин расположен на одном из центральных проспектов Кривого Рога.</em>
<em>В магазине сделан ремонт под отделение банка, соответствующий нормам Нацбанка.</em>

<em>Рядом с магазином расположены</em>
<em>остановки гор.транспорта</em>
<em>станция метро ""Дом советов""</em>
<em>отделения банков ""Приватбанк"", ""ОТПбанк"", ""Сбербанк""</em>
<em>продмаркет ""АТБ""</em>
<em>магазин ""АЛЛО""</em>
<em>McDonalds</em>
<em>ТЦ ""ПЛАЗА""</em>",,simple,0,,,
1104,"Аренда первого этажа возле станции метро ""Дворец спорта""","<h4>Аренда первый этаж метро</h4>
<h4><em>Аренда первого этажа по адресу г. Харьков, пр. Московский №259 (возле станции метро ""Дворец спорта"").</em></h4>
<h4><em>Рядом расположены</em>
<em>станция метро “Дворец спорта”</em>
<em>остановки гор. транспорта</em>
<em>огромная продбаза</em>
<em>супермаркет “Таврия-В” (бывший “Таргет”), супермаркет ""КЛАСС""</em>
<em>супермаркет электротехники “Comfy”</em></h4>
<h4><em>Общая площадь - 146 кв. м., возможна аренда 72 кв. м.</em></h4>",,simple,0,,,
1108,"Аренда магазина в ТЦ ""АВАНГАРД"" около метро Индустриальная","<h4><em>Магазин расположен в подвальном этаже в ТЦ ""АВАНГАРД"" около останови гор. транспорта у выхода из станции метро ""Индустриальная (Пролетарская)"", по адресу г. Харьков, пр. Московский, 293-А.</em>
<em>У магазина есть отдельная входная группа с улицы с витринным остеклением.</em>
<em>Рядом с торговым центром расположено много торговых объектов, что обеспечивает постоянный плотный поток пешеходов.</em>
<em>Торговый центр расположен на самой насыщенной транспортной магистрали города - Московском проспекте.</em>
<em>В непосредственной близости к магазину расположены</em>
<em>станция метро ""Индустриальная (Пролетарская)""</em>
<em>остановка гор. транспорт</em>
<em>ж/д станция Лосево-2</em>
<em>рынок ""Платформа""</em>
<em>супермаркеты ""КЛАСС"" и ""Восторг""</em>
<em>поликлиника</em>
<em>круг гор.транспорта</em></h4>",,simple,0,,,
1119,"Аренда магазина в ТЦ ""АВАНГАРД"" около метро ""Индустриальная""","<h4><em>Магазин расположен втором этаже в ТЦ ""АВАНГАРД"" около останови гор. транспорта у выхода из станции метро ""Индустриальная (Пролетарская)"", по адресу г. Харьков, пр. Московский, 293-А.</em>
<em>У магазина есть отдельная входная группа с улицы с витринным остеклением.</em>
<em>Рядом с торговым центром расположено много торговых объектов, что обеспечивает постоянный плотный поток пешеходов.</em>
<em>Торговый центр расположен на самой насыщенной транспортной магистрали города - Московском проспекте.</em>
<em>В непосредственной близости к магазину расположены</em>
<em>станция метро ""Индустриальная (Пролетарская)""</em>
<em>остановка гор. транспорт</em>
<em>ж/д станция Лосево-2</em>
<em>рынок ""Платформа""</em>
<em>супермаркеты ""КЛАСС"" и ""Восторг""</em>
<em>поликлиника</em>
<em>круг гор.транспорта</em></h4>",,simple,0,,,
1132,"Аренда магазина в ТЦ ""АВАНГАРД"" около метро ""Индустриальная""","<h4><em>Магазин расположен на втором этаже в ТЦ ""АВАНГАРД"" около останови гор. транспорта у выхода из станции метро ""Индустриальная (Пролетарская)"", по адресу г. Харьков, пр. Московский, 293-А.</em>
<em>У магазина есть отдельная входная группа с улицы с витринным остеклением.</em>
<em>Рядом с торговым центром расположено много торговых объектов, что обеспечивает постоянный плотный поток пешеходов.</em>
<em>Торговый центр расположен на самой насыщенной транспортной магистрали города - Московском проспекте.</em>
<em>В непосредственной близости к магазину расположены</em>
<em>станция метро ""Индустриальная (Пролетарская)""</em>
<em>остановка гор. транспорт</em>
<em>ж/д станция Лосево-2</em>
<em>рынок ""Платформа""</em>
<em>супермаркеты ""КЛАСС"" и ""Восторг""</em>
<em>поликлиника</em>
<em>круг гор.транспорта</em></h4>",,simple,0,,,
1134,"Аренда возле метро ""Индустриальная""","<h4><em>Магазин расположен непосредственно возле выхода из метро по аллее, ведущей к супермаркету ""Восторг"".</em>
<em>Рядом расположены</em></h4>
<h4><em>  станция метро ""Индустриальная""</em>
<em>  остановки и круг общественного транспорта</em>
<em>  новый рынок ""Платформа""</em>
<em>  новый жилой комплекс</em></h4>",,simple,0,,,
1142,"Аренда на перекрестке Героев труда и Гвардейцев Широнинцев","<h4><em>Помещение расположено в одноэтажном нежилом здании на перекрестке ул. Героев труда и Гвардейцев Широнинцев.</em>
<em>В помещении сделан базовы ремонт. </em>
<em>Рядом с помещением расположены</em>
<em>остановка гор. транспорта</em>
<em>маркеты ""АТБ"" и ""Червоный маркет""</em>
<em>кафе</em>
<em>детский магазин</em></h4>",,simple,0,,,
1148,"Аренда возле метро ""им. Масельского""","<h4><em>Аренда помещения, расположенного на самой большой транспортной магистрали города - Московский проспект.</em>
<em>Очень насыщенный спальный район, прямо у выхода станции метро.</em>
<em>Рядом расположены</em>
<em> станция метро ""Им. Масельского""</em>
<em> супермаркеты “Экватор”, “Сильпо”, “Комфи”</em>
<em> рынок</em>
<em>В помещении сделан базовый ремонт, есть все необходимые коммуникации</em></h4>",,simple,0,,,
1156,"Аренда магазина на Салтовке напротив Медкомплекса","<h4><em>Аренда магазина, расположенного в жилом доме по адресу ул. Амосова (Корчагинцев), 25.</em>
<em>Расположение магазина отличается очень плотным пешеходным трафиком.</em>
<em>Огромный спальный микрорайон с высотной застройкой, напротив магазина находится большой медкомплекс.</em>
<em>Рядом расположены</em>
<em>остановки гор. транспорта</em>
<em>круг трамваев и троллейбусов</em>
<em>медкомплекс</em>
<em>школы и детсады</em>
<em>большой спальник</em>
<em>церковь</em>
<em>Состояние магазина под покраску.</em></h4>",,simple,0,,,
1165,"Аренда помещения на ""Конном рынке"" напротив автостанции","<h4><em>Помещение расположено на фасаде ""Конного рынка"" напротив автостанции.</em>
<em>Помещение представляет собой двухэтажное отдельное здание, расположенное в очень проходном месте ""Конного рынка"" напротив автостанции и пивного ресторана ""Тусовка"". В помещении сделан капитальный ремонт, есть все необходимые коммуникации.</em>
<em>Рядом с объектом расположены</em>
<em>станция метро “Площадь восстания”</em>
<em>остановки гор. транспорта</em>
<em>Конный рынок</em>
<em>ресторан “Республика”</em>
<em>магазин электроники ""Эльдорадо""</em>
<em>отделение банка ""УкрСиббанка""</em>
<em>БЦ ""Протон""</em></h4>
<h4><em>Общая площадь - 300 кв. м.</em>
<em>1-й этаж - 150 кв. м.</em>
<em>2-й этаж - 150 кв. м.</em></h4>",,simple,0,,,
1174,"Аренда фасадного помещения на Конном рынке","<h4>Аренда фасадного помещения Конный рынок</h4>
<h4><em>Помещение расположено по фасаду Конного рынка.</em>
<em>Рядом с объектом расположены</em>
<em>станция метро “Защитников Украины”</em>
<em>остановки гор. транспорта</em>
<em>Автостанция</em>
<em>Конный рынок</em>
<em>маркет ""АТБ""</em>
<em>ТОЦ ""Протон"", ТЦ ""ЭПОС""</em>
<em>магазин электроники ""Эльдорадо""</em>
<em>Помещение будет с базовым ремонтом.</em></h4>",,simple,0,,,
1181,"Аренда помещения на остановке гор. транспорта ""Салют""","<h4><em>Помещение расположено непосредственно на остановке гор. транспорта
Рядом расположены
остановки гор. транспорта
продмаркеты “АТБ” и “Чудомаркет”
В помещении сделан ремонт, есть все необходимые коммуникации</em></h4>",,simple,0,,,
1294,"Аренда помещения на улице Пушкинской, 56 между станциями метро ""Пушкинская"" и ""Архитектора Бекетова""","<h4><em>Аренда помещения, расположенного по адресу г. Харьков, ул. Пушкинская №56 между станциями метро двух веток Харьковского метрополитена.</em>
<em>Данная локация отличается очень интенсивным пешеходный и автомобильным трафиком, здесь расположено много торговых и административных объектов.</em>
<em>Рядом с помещением находиться станция метро «Архитектора Бекетова» и «Пушкинская».</em>
<em>В непосредственной близости с объектом расположены: </em>
<em>  ресторан “Авлабар”, </em>
<em>  несколько кафе, </em>
<em>  ряд бутиков, </em>
<em>  Национальный фармацевтический университет, Национальный технический университет ""Харьковский политехнический институт"", Харьковская государственная академия дизайна и искусств,
магазин «Антошка».</em></h4>
<h4><em>В помещении сделан ремонт, есть необходимые коммуникации для комфортной работы магазина/офиса.</em></h4>",,simple,0,,,
1311,"Аренда помещения на кругу маршруток на Лысой горе по адресу г.Харьков, ул. Новый Быт №32","<h4><em>Аренда помещения под аптеку на кругу маршруток на Лысой горе по адресу г. Харьков, ул. Новый Быт №32.</em>
<em>Помещение расположено на кругу гор. транспорта непосредственно в зоне посадки пассажиров.</em>
<em>Объект расположен в большом спальном районе, рядом находится коттеджная застройка.</em>
<em>Район отличается близостью к центру города, большим количеством маршрутов гор. транспорта.</em></h4>
<h4><em>Площадь - 324,4 кв. м.</em>
<em>1-й этаж - 212,4 кв. м.</em>
<em>Подвал - 115,0 кв. м.</em></h4>",,simple,0,,,
1321,"Продажа помещения в районе ЮЖД по ул. Славянская, 4","<div class=""gmail_attr"" dir=""ltr""><i>Помещение расположено на первом этаже жилого дома по адресу г. Харьков, ул. <span class=""il"">Славян</span>ская, 4.</i></div>
<div dir=""ltr"">
<div class=""gmail_quote"">
<div dir=""ltr"">
<div class=""gmail_quote"">
<div dir=""ltr"">
<div></div>
<div><span style=""font-size: large;""><i>Рядом расположены</i></span></div>
<div><span style=""font-size: large;""><i>  станция метро ""Южный вокзал""</i></span></div>
<div><span style=""font-size: large;""><i>  остановки гор. транспорта</i></span></div>
<div><span style=""font-size: large;""><i>  бизнес-центр</i></span></div>
<div><span style=""font-size: large;""><i>  ТЦ ""Подземный город""</i></span></div>
<div><span style=""font-size: large;""><i>  магазин техники ""Фокстрот""</i></span></div>
<div><span style=""font-size: large;""><i>В помещении сделан ремонт, е</i></span><i>сть все необходимые коммуникации, установлен кондиционер.</i></div>
</div>
</div>
</div>
</div>
</div>",,simple,0,,,
1334,"Аренда помещения в районе ЮЖД по ул. Славянская, 4","<div class=""gmail_attr"" dir=""ltr""><i>Помещение расположено на первом этаже жилого дома по адресу г. Харьков, ул. <span class=""il"">Славян</span>ская, 4.</i></div>
<div dir=""ltr"">
<div class=""gmail_quote"">
<div dir=""ltr"">
<div class=""gmail_quote"">
<div dir=""ltr"">
<div></div>
<div><span style=""font-size: large;""><i>Рядом расположены</i></span></div>
<div><span style=""font-size: large;""><i>  станция метро ""Южный вокзал""</i></span></div>
<div><span style=""font-size: large;""><i>  остановки гор. транспорта</i></span></div>
<div><span style=""font-size: large;""><i>  бизнес-центр</i></span></div>
<div><span style=""font-size: large;""><i>  ТЦ ""Подземный город""</i></span></div>
<div><span style=""font-size: large;""><i>  магазин техники ""Фокстрот""</i></span></div>
<div><span style=""font-size: large;""><i>В помещении сделан ремонт, е</i></span><i>сть все необходимые коммуникации, установлен кондиционер.</i></div>
</div>
</div>
</div>
</div>
</div>",,simple,0,,,
1345,"Аренда магазина, расположенного по адресу г. Харьков, пр. Московский 190/1, метро ""Дворец спорта"".","<h4><em>Аренда магазина, расположенного по адресу г. Харьков, пр. Московский 190/1 возле метро ""Дворец спорта"" (Маршала Жукова).</em></h4>
<h4><em>Рядом расположены</em>
<em>станция метро “Дворец спорта"" (Маршала Жукова)</em>
<em>остановки гор. транспорта</em>
<em>магазин косметики ""ЕВА""</em>
<em>магазин ""Люксоптика""</em>
<em>аптека ""Здоровье""</em>
<em>отделение банка ""Ощадбанк""</em>
<em>стоматология</em>
<em>супермаркет ""РОСТ""</em></h4>",,simple,0,,,
1365,"Аренда магазина на Холодной горе по адресу ул. Дудинской (Нариманова), 1-А возле супермаркета ""КЛАСС""","<h4><em>Магазин расположен возле нового торгового центра ""КЛАСС"" по адресу г. Харьков, ул. Дудинской (Нариманова), дом №1-А.</em>
<em>Магазин находится в большом спальном районе города с множеством высотных многоквартирных домов повышенной этажности - Холодная гора. Данный микрорайон города отличается большим пешеходным трафиком, так как рядом расположен автобусный вокзал городских и пригородных маршрутов на 24 платформы. </em><em>Характеристика помещения:</em><em>Характеристика помещения:</em><em>Характеристика помещения:</em>
<em>Характеристика помещения:</em>
<em>- помещение расположено на первом этаже одноэтажной постройки, по красной линии;</em>
<em>- помещение оборудовано отдельным входом и большими витринными окнами; </em>
<em>- в помещение заведена вода, канализация электричество, есть возможность подключения газа; </em>
<em>- автономное электрическое отопление; </em>
<em>- помещение с ремонтом: наливной теплый пол, стены утеплены пенополистиролом и минеральной ватой, крыша утеплена - 300 мм;</em>
<em>- помещение можно разделить на несколько секций с отдельными входами, и уже установлены соответствующие алюминиевые двери;</em>
<em>- хорошая инфраструктура: рядом расположен торговый центр КЛАСС, рынок, остановка городского транспорта, а также в 7 минутах ходьбы находится станция метро Холодная гора.</em>
<em>Общая площадь помещения - 150 кв.м.</em>
<em>Высота потолков- 4,06 м.</em></h4>",,simple,0,,,
1387,"Аренда помещения по адресу г. Харьков, ул. Полтавский шлях №148/2 (рядом со станцией метро “Холодная гора”).","<h4><em>Помещения в большом спальном районе города с множеством высотных многоквартирных домов повышенной этажности - Холодная гора, по адресу ул. Полтавский шлях, 148/2. Данный микрорайон города отличается большим пешеходным трафиком, так как рядом расположен автобусный вокзал городских и пригородных маршрутов на 24 платформы.</em></h4>
<h4><em>Характеристика помещения:</em></h4>
<h4><em>- помещение расположено на первом этаже по красной линии;</em>
<em>- помещение оборудовано отдельным входом и большими витринными окнами; </em>
<em>- в помещение заведена вода, канализация электричество; </em>
<em>- помещение с ремонтом;</em>
<em>- хорошая инфраструктура: рядом расположен супермаркеты КЛАСС и РОСТ, рынок, остановка городского транспорта, станция метро Холодная гора.</em></h4>",,simple,0,,,
1481,"Аренда магазина на Терминале на Холодной горе","<h4><em>Аренда магазина, расположенного на рынке Терминал (станция метро “Холодная гора"").</em>
<em>Рядом с помещением проходят плотные потоки пешеходов.</em>
<em>В непосредственной близости к объекту расположены:</em>
<em>станция метро “Холодная гора”</em>
<em>пригородная автостанция</em>
<em>остановки общественного транспорта</em>
<em>рынок “Терминал”</em>
<em>супермаркет “РОСТ Холодногорский”</em>
<em>продмаркет “АТБ”</em>
<em>В магазине сделан ремонт, есть все коммуникации, мощность электроввода - 10 кВт.</em></h4>
<h4><em>Видео поток:</em></h4>
https://youtu.be/0SF2LhWczAo
<h4><em>Видео вокруг:</em></h4>
https://www.youtube.com/watch?v=1xhTiPrMPKc",,simple,0,,,
1503,"Аренда помещения на Салтовке","<h4><em>Помещение находится по адресу г. Харьков, ул. Туркестанская, 44.</em>
<em>Расположение объекта на очень оживленной аллее микрорайона с многоэтажной застройкой способствует большому количеству потенциальных клиентов.</em>
<em>Данная локация отличается очень плотным трафиком, магазинами популярных сетевых операторов торговли</em>
<em>Характеристика помещения:</em></h4>
<h3><em>- ремонт</em>
<em>- большая витрина</em>
<em>- большая рекламная площадь</em>
<em>- хорошая визуализация объекта</em>
<em>- есть вода и канализация, свой санузел</em>
<em>- отопление электрическое</em></h3>
<h4><em>В данной локации находятся</em>
<em>микрорайон с многоэтажной застройкой</em>
<em>аптека</em>
<em>продуктовый магазин</em>
<em>магазин спиртных напитков и табака "" АТИКА""</em>
<em>магазин живого пива ""Пивобанк""</em>
<em>фирменный магазин Роганского мясокомбината</em>
<em>фирменный магазин Салтовского хлебзавода</em>
<em>рыбный магазин</em>
<em>кафе- пиццерия</em></h4>",,simple,0,,,
1515,"Аренда на Одесской","<h4><em>Аренда второго и подвального этажей в торговом центре по адресу г.Харьков, пр. Гагарина, 177-Ж.</em>
<em>Проспект Гагарина в этом месте отличается очень оживленным пешеходным и автомобильным движением. Рядом находятся остановки общественного транспорта.</em>
<em>Данная локация характеризуется очень плотной высотной застройкой, большим количеством торговых объектов.</em>
<em>Рядом находятся:</em>
<em>супермаркеты “Сильпо”, “Класс”, “РОСТ”</em>
<em>остановки и круг городского транспорта</em>
<em>строящаяся станция метро ""Одесская""</em>
<em>магазин ""АЛЛО""</em>
<em>отделения банков “Приват Банк”, “Платинум банк”, “Банк Аваль”</em>
<em>несколько кафе, ломбардов.</em>
<em>ряд магазинов одежды</em></h4>
<h3><em>Характеристика помещения:</em>
<em>- помещение с ремонтом</em>
<em>- большая витрина</em>
<em>- большая рекламная площадь</em>
<em>- есть вода и канализация, свой санузел</em>
<em>- отопление электрическое</em></h3>
<h4><em>Общая площадь - 202 кв. м.</em>
<em>2-й этаж - 115 кв. м.</em>
<em>подвал - 87 кв. м.</em></h4>
<h4><em>Видео</em></h4>
https://youtu.be/-znizFzEaeU",,simple,0,,,"a:1:{s:30:""%d1%80%d0%b0%d0%b9%d0%be%d0%bd"";a:6:{s:4:""name"";s:10:""район"";s:5:""value"";s:20:""Слободской"";s:8:""position"";s:1:""0"";s:10:""is_visible"";s:1:""0"";s:12:""is_variation"";s:1:""0"";s:11:""is_taxonomy"";s:1:""0"";}}"
